dayofweek,avgdepdelay
6,8.993704679140304
2,9.398720587131987
3,10.687132917683202
1,11.892415704828622
7,11.978118657750775
4,12.886387368169817
5,13.576724963618544
